cost_line_id,programme_id,programme_name,pillar,lead_ministry,cost_category,price_base_year,scenario,years_1_2,years_3_4,years_5_6,six_year_total,existing_funding,reallocated_funding,new_funding,cost_method,assumption_ids,confidence,cost_source_id,funding_split_basis,reach_count,reach_unit,overlap_group,phases_active,notes
CL-001,PRG-01,National Documentation Resolution Programme,P1 Foundations,Ministry of Home Affairs (JPN),operating_expenditure,2026,conservative,12.410,5.950,3.825,22.185,4.437,6.656,11.092,Staffed-service model: (desks x officers x loaded salary) + (mobile teams x annual cost) + one-off case-management system,ASM-C01,Benchmarked,SRC-018,"existing 0.20 = JPN adjudication capacity already funded within the Ministry of Home Affairs operating vote; reallocated 0.30 = MITRA community-services grant lines redirected to case management; new 0.50 = the incremental desk, mobile-team and case-system cost. ASSUMPTION pending MOF confirmation (VAL-03, VAL-28).",,case,individual,1-2-3,Loaded public-officer cost benchmarked to a Grade 41-44 total employment cost including overheads. Phase 2-3 taper reflects backlog clearance moving to steady-state maintenance.
CL-002,PRG-01,National Documentation Resolution Programme,P1 Foundations,Ministry of Home Affairs (JPN),operating_expenditure,2026,central,14.600,7.000,4.500,26.100,5.220,7.830,13.050,Staffed-service model: (desks x officers x loaded salary) + (mobile teams x annual cost) + one-off case-management system,ASM-C01,Benchmarked,SRC-018,"existing 0.20 = JPN adjudication capacity already funded within the Ministry of Home Affairs operating vote; reallocated 0.30 = MITRA community-services grant lines redirected to case management; new 0.50 = the incremental desk, mobile-team and case-system cost. ASSUMPTION pending MOF confirmation (VAL-03, VAL-28).",,case,individual,1-2-3,Loaded public-officer cost benchmarked to a Grade 41-44 total employment cost including overheads. Phase 2-3 taper reflects backlog clearance moving to steady-state maintenance.
CL-003,PRG-01,National Documentation Resolution Programme,P1 Foundations,Ministry of Home Affairs (JPN),operating_expenditure,2026,expanded,17.228,8.260,5.310,30.798,6.160,9.239,15.399,Staffed-service model: (desks x officers x loaded salary) + (mobile teams x annual cost) + one-off case-management system,ASM-C01,Benchmarked,SRC-018,"existing 0.20 = JPN adjudication capacity already funded within the Ministry of Home Affairs operating vote; reallocated 0.30 = MITRA community-services grant lines redirected to case management; new 0.50 = the incremental desk, mobile-team and case-system cost. ASSUMPTION pending MOF confirmation (VAL-03, VAL-28).",,case,individual,1-2-3,Loaded public-officer cost benchmarked to a Grade 41-44 total employment cost including overheads. Phase 2-3 taper reflects backlog clearance moving to steady-state maintenance.
CL-004,PRG-02,Early Childhood Access Programme,P1 Foundations,Ministry of Education,transfer_grant,2026,conservative,40.320,70.560,80.640,191.520,67.032,28.728,95.760,Programme cost = eligible cohort x participation rate x unit cost x years,ASM-C02,Provisional,,"existing 0.35 = per-place funding already flowing to registered preschool providers for children who would enrol regardless; reallocated 0.15 = MITRA education grants; new 0.50 = incremental subsidy, transport and meals. ASSUMPTION pending MOF and MOE confirmation (VAL-03).",38400,child,individual,1-2-3,"Fee subsidy benchmarked to registered preschool fee ranges; net of assistance already received. Phase 1: 16,000 x 0.40 x 4,200 x 2 = RM53.76m. Phase 2: 16,000 x 0.70 x 4,200 x 2 = RM94.08m. Phase 3: 16,000 x 0.80 x 4,200 x 2 = RM107.52m."
CL-005,PRG-02,Early Childhood Access Programme,P1 Foundations,Ministry of Education,transfer_grant,2026,central,53.760,94.080,107.520,255.360,89.376,38.304,127.680,Programme cost = eligible cohort x participation rate x unit cost x years,ASM-C02,Provisional,,"existing 0.35 = per-place funding already flowing to registered preschool providers for children who would enrol regardless; reallocated 0.15 = MITRA education grants; new 0.50 = incremental subsidy, transport and meals. ASSUMPTION pending MOF and MOE confirmation (VAL-03).",38400,child,individual,1-2-3,"Fee subsidy benchmarked to registered preschool fee ranges; net of assistance already received. Phase 1: 16,000 x 0.40 x 4,200 x 2 = RM53.76m. Phase 2: 16,000 x 0.70 x 4,200 x 2 = RM94.08m. Phase 3: 16,000 x 0.80 x 4,200 x 2 = RM107.52m."
CL-006,PRG-02,Early Childhood Access Programme,P1 Foundations,Ministry of Education,transfer_grant,2026,expanded,69.888,122.304,139.776,331.968,116.189,49.795,165.984,Programme cost = eligible cohort x participation rate x unit cost x years,ASM-C02,Provisional,,"existing 0.35 = per-place funding already flowing to registered preschool providers for children who would enrol regardless; reallocated 0.15 = MITRA education grants; new 0.50 = incremental subsidy, transport and meals. ASSUMPTION pending MOF and MOE confirmation (VAL-03).",38400,child,individual,1-2-3,"Fee subsidy benchmarked to registered preschool fee ranges; net of assistance already received. Phase 1: 16,000 x 0.40 x 4,200 x 2 = RM53.76m. Phase 2: 16,000 x 0.70 x 4,200 x 2 = RM94.08m. Phase 3: 16,000 x 0.80 x 4,200 x 2 = RM107.52m."
CL-007,PRG-03,SJKT Safety and Learning Environment Programme,P1 Foundations,Ministry of Education,development_expenditure,2026,conservative,50.094,42.035,17.642,109.771,21.954,10.977,76.840,Asset-condition model: (schools x audit cost) + (share needing works x average works cost) + (schools x digital facility cost) + coordinator training,ASM-C03,Provisional,,"existing 0.20 = the VERIFIED RM50m annual SJKT maintenance line only. Deliberately excludes the national dilapidated-schools programme per CNF-017. reallocated 0.10 = MITRA equipment grants; new 0.70 = audit, digital layer and incremental safety works. GATING on VAL-11.",528,school,institutional,1-2-3,"Audit: 528 x RM25k = RM13.200m. Digital: 528 x RM85k = RM44.880m split across Phases 1-2. Remediation: 30% of 528 = 158.4 schools x RM450k = RM71.280m phased 30/40/30. Coordinator training: 528 x 2 x RM3,500 = RM3.696m. Total RM133.056m. existing_share REDUCED from 0.55 to 0.20 so that it reflects O"
CL-008,PRG-03,SJKT Safety and Learning Environment Programme,P1 Foundations,Ministry of Education,development_expenditure,2026,central,60.720,50.952,21.384,133.056,26.611,13.306,93.139,Asset-condition model: (schools x audit cost) + (share needing works x average works cost) + (schools x digital facility cost) + coordinator training,ASM-C03,Provisional,,"existing 0.20 = the VERIFIED RM50m annual SJKT maintenance line only. Deliberately excludes the national dilapidated-schools programme per CNF-017. reallocated 0.10 = MITRA equipment grants; new 0.70 = audit, digital layer and incremental safety works. GATING on VAL-11.",528,school,institutional,1-2-3,"Audit: 528 x RM25k = RM13.200m. Digital: 528 x RM85k = RM44.880m split across Phases 1-2. Remediation: 30% of 528 = 158.4 schools x RM450k = RM71.280m phased 30/40/30. Coordinator training: 528 x 2 x RM3,500 = RM3.696m. Total RM133.056m. existing_share REDUCED from 0.55 to 0.20 so that it reflects O"
CL-009,PRG-03,SJKT Safety and Learning Environment Programme,P1 Foundations,Ministry of Education,development_expenditure,2026,expanded,73.471,61.652,25.875,160.998,32.200,16.100,112.698,Asset-condition model: (schools x audit cost) + (share needing works x average works cost) + (schools x digital facility cost) + coordinator training,ASM-C03,Provisional,,"existing 0.20 = the VERIFIED RM50m annual SJKT maintenance line only. Deliberately excludes the national dilapidated-schools programme per CNF-017. reallocated 0.10 = MITRA equipment grants; new 0.70 = audit, digital layer and incremental safety works. GATING on VAL-11.",528,school,institutional,1-2-3,"Audit: 528 x RM25k = RM13.200m. Digital: 528 x RM85k = RM44.880m split across Phases 1-2. Remediation: 30% of 528 = 158.4 schools x RM450k = RM71.280m phased 30/40/30. Coordinator training: 528 x 2 x RM3,500 = RM3.696m. Total RM133.056m. existing_share REDUCED from 0.55 to 0.20 so that it reflects O"
CL-010,PRG-04,Multi-Faith Community Institution Safety and Compliance Programme,P1 Foundations,Ministry of National Unity,development_expenditure,2026,conservative,13.120,11.200,11.200,35.520,3.552,12.432,19.536,Multi-faith facility model: (institutions audited x audit cost) + (priority institutions x matched safety works) + compliance and temple or estate-legacy referral advisory,ASM-C04,Provisional,,"existing 0.10 = local-authority safety-inspection capacity already funded; reallocated 0.35 = provisional MITRA community-institution grant capacity; new 0.55 = the federal share of matched safety works plus audit. All shares require MOF, state and agency validation. The RM44.400m envelope is a planning cap pending the multi-faith facility map, not a coverage commitment (VAL-13).",1200,facility,institutional,1-2-3,"Current envelope only: audit up to 1,200 institutions x RM12k = RM14.400m; safety works at approximately 400 priority institutions x RM120k x 50% federal share = RM24.000m; compliance and temple or estate-legacy referral advisory = RM6.000m; total RM44.400m. The expanded multi-faith definition does "
CL-011,PRG-04,Multi-Faith Community Institution Safety and Compliance Programme,P1 Foundations,Ministry of National Unity,development_expenditure,2026,central,16.400,14.000,14.000,44.400,4.440,15.540,24.420,Multi-faith facility model: (institutions audited x audit cost) + (priority institutions x matched safety works) + compliance and temple or estate-legacy referral advisory,ASM-C04,Provisional,,"existing 0.10 = local-authority safety-inspection capacity already funded; reallocated 0.35 = provisional MITRA community-institution grant capacity; new 0.55 = the federal share of matched safety works plus audit. All shares require MOF, state and agency validation. The RM44.400m envelope is a planning cap pending the multi-faith facility map, not a coverage commitment (VAL-13).",1200,facility,institutional,1-2-3,"Current envelope only: audit up to 1,200 institutions x RM12k = RM14.400m; safety works at approximately 400 priority institutions x RM120k x 50% federal share = RM24.000m; compliance and temple or estate-legacy referral advisory = RM6.000m; total RM44.400m. The expanded multi-faith definition does "
CL-012,PRG-04,Multi-Faith Community Institution Safety and Compliance Programme,P1 Foundations,Ministry of National Unity,development_expenditure,2026,expanded,20.336,17.360,17.360,55.056,5.506,19.269,30.281,Multi-faith facility model: (institutions audited x audit cost) + (priority institutions x matched safety works) + compliance and temple or estate-legacy referral advisory,ASM-C04,Provisional,,"existing 0.10 = local-authority safety-inspection capacity already funded; reallocated 0.35 = provisional MITRA community-institution grant capacity; new 0.55 = the federal share of matched safety works plus audit. All shares require MOF, state and agency validation. The RM44.400m envelope is a planning cap pending the multi-faith facility map, not a coverage commitment (VAL-13).",1200,facility,institutional,1-2-3,"Current envelope only: audit up to 1,200 institutions x RM12k = RM14.400m; safety works at approximately 400 priority institutions x RM120k x 50% federal share = RM24.000m; compliance and temple or estate-legacy referral advisory = RM6.000m; total RM44.400m. The expanded multi-faith definition does "
CL-013,PRG-05,School-to-Pathway Guidance and Placement Support,P2 Progression,Ministry of Education,operating_expenditure,2026,conservative,8.575,4.200,4.200,16.975,6.790,1.698,8.487,"Per-student service model: cohort x unit cost x years, plus one-off platform",ASM-C05,Provisional,,"existing 0.40 = school counselling and career-guidance posts already established in MOE; reallocated 0.10 = MITRA education grants; new 0.50 = incremental profiling, clinics and the platform. ASSUMPTION pending MOE confirmation (VAL-14).",120000,student,individual,1-2-3,"Cohort size derived from the Indian share of the national SPM cohort and is PROVISIONAL. NOTE, flagged by independent critique: this figure (approximately 20,000 per year) coincides with the annual birth-cohort figure at ASM-008. They are NOT the same population - an SPM cohort is drawn from births "
CL-014,PRG-05,School-to-Pathway Guidance and Placement Support,P2 Progression,Ministry of Education,operating_expenditure,2026,central,9.800,4.800,4.800,19.400,7.760,1.940,9.700,"Per-student service model: cohort x unit cost x years, plus one-off platform",ASM-C05,Provisional,,"existing 0.40 = school counselling and career-guidance posts already established in MOE; reallocated 0.10 = MITRA education grants; new 0.50 = incremental profiling, clinics and the platform. ASSUMPTION pending MOE confirmation (VAL-14).",120000,student,individual,1-2-3,"Cohort size derived from the Indian share of the national SPM cohort and is PROVISIONAL. NOTE, flagged by independent critique: this figure (approximately 20,000 per year) coincides with the annual birth-cohort figure at ASM-008. They are NOT the same population - an SPM cohort is drawn from births "
CL-015,PRG-05,School-to-Pathway Guidance and Placement Support,P2 Progression,Ministry of Education,operating_expenditure,2026,expanded,11.270,5.520,5.520,22.310,8.924,2.231,11.155,"Per-student service model: cohort x unit cost x years, plus one-off platform",ASM-C05,Provisional,,"existing 0.40 = school counselling and career-guidance posts already established in MOE; reallocated 0.10 = MITRA education grants; new 0.50 = incremental profiling, clinics and the platform. ASSUMPTION pending MOE confirmation (VAL-14).",120000,student,individual,1-2-3,"Cohort size derived from the Indian share of the national SPM cohort and is PROVISIONAL. NOTE, flagged by independent critique: this figure (approximately 20,000 per year) coincides with the annual birth-cohort figure at ASM-008. They are NOT the same population - an SPM cohort is drawn from births "
CL-016,PRG-06,TVET and STEM Progression Pipeline,P2 Progression,Ministry of Human Resources,operating_expenditure,2026,conservative,34.875,69.750,104.625,209.250,94.163,31.387,83.700,Programme cost = enrolees x (stipend + programme support) + apprenticeship incentives,ASM-C06,Benchmarked,SRC-017,"existing 0.45 = accredited TVET seat funding and HRD Corp employer levy already committed; reallocated 0.15 = MITRA skills grants; new 0.40 = stipends and apprenticeship incentives, which no existing instrument funds. ASSUMPTION pending MOHR and HRD Corp confirmation (VAL-15).",30000,youth,individual,1-2-3,"Training seats themselves run on existing accredited TVET capacity and are counted in existing_share. Phase 1: 5,000 x 8,500 = RM42.5m + RM4.0m apprenticeships. Phase 2: 10,000 x 8,500 = RM85m + RM8m. Phase 3: 15,000 x 8,500 = RM127.5m + RM12m."
CL-017,PRG-06,TVET and STEM Progression Pipeline,P2 Progression,Ministry of Human Resources,operating_expenditure,2026,central,46.500,93.000,139.500,279.000,125.550,41.850,111.600,Programme cost = enrolees x (stipend + programme support) + apprenticeship incentives,ASM-C06,Benchmarked,SRC-017,"existing 0.45 = accredited TVET seat funding and HRD Corp employer levy already committed; reallocated 0.15 = MITRA skills grants; new 0.40 = stipends and apprenticeship incentives, which no existing instrument funds. ASSUMPTION pending MOHR and HRD Corp confirmation (VAL-15).",30000,youth,individual,1-2-3,"Training seats themselves run on existing accredited TVET capacity and are counted in existing_share. Phase 1: 5,000 x 8,500 = RM42.5m + RM4.0m apprenticeships. Phase 2: 10,000 x 8,500 = RM85m + RM8m. Phase 3: 15,000 x 8,500 = RM127.5m + RM12m."
CL-018,PRG-06,TVET and STEM Progression Pipeline,P2 Progression,Ministry of Human Resources,operating_expenditure,2026,expanded,60.450,120.900,181.350,362.700,163.215,54.405,145.080,Programme cost = enrolees x (stipend + programme support) + apprenticeship incentives,ASM-C06,Benchmarked,SRC-017,"existing 0.45 = accredited TVET seat funding and HRD Corp employer levy already committed; reallocated 0.15 = MITRA skills grants; new 0.40 = stipends and apprenticeship incentives, which no existing instrument funds. ASSUMPTION pending MOHR and HRD Corp confirmation (VAL-15).",30000,youth,individual,1-2-3,"Training seats themselves run on existing accredited TVET capacity and are counted in existing_share. Phase 1: 5,000 x 8,500 = RM42.5m + RM4.0m apprenticeships. Phase 2: 10,000 x 8,500 = RM85m + RM8m. Phase 3: 15,000 x 8,500 = RM127.5m + RM12m."
CL-019,PRG-07,Tertiary Access Navigation and Transparency,P2 Progression,Ministry of Education,operating_expenditure,2026,conservative,5.250,5.250,5.250,15.750,7.875,1.575,6.300,Service and publication model: navigation support plus annual data publication,ASM-C07,Provisional,,existing 0.50 = MOE and MOHE admissions administration already funded; reallocated 0.10 = MITRA education grants; new 0.40 = navigation support and the published data series. ASSUMPTION (VAL-05).,60000,applicant,individual,1-2-3,"RM250 per supported applicant for approximately 20,000 applicants per phase = RM5.000m, plus RM1.000m per phase for data publication and review = RM6.000m per phase, RM18.000m over three phases. No additional matriculation seats are requested and none are costed."
CL-020,PRG-07,Tertiary Access Navigation and Transparency,P2 Progression,Ministry of Education,operating_expenditure,2026,central,6.000,6.000,6.000,18.000,9.000,1.800,7.200,Service and publication model: navigation support plus annual data publication,ASM-C07,Provisional,,existing 0.50 = MOE and MOHE admissions administration already funded; reallocated 0.10 = MITRA education grants; new 0.40 = navigation support and the published data series. ASSUMPTION (VAL-05).,60000,applicant,individual,1-2-3,"RM250 per supported applicant for approximately 20,000 applicants per phase = RM5.000m, plus RM1.000m per phase for data publication and review = RM6.000m per phase, RM18.000m over three phases. No additional matriculation seats are requested and none are costed."
CL-021,PRG-07,Tertiary Access Navigation and Transparency,P2 Progression,Ministry of Education,operating_expenditure,2026,expanded,6.900,6.900,6.900,20.700,10.350,2.070,8.280,Service and publication model: navigation support plus annual data publication,ASM-C07,Provisional,,existing 0.50 = MOE and MOHE admissions administration already funded; reallocated 0.10 = MITRA education grants; new 0.40 = navigation support and the published data series. ASSUMPTION (VAL-05).,60000,applicant,individual,1-2-3,"RM250 per supported applicant for approximately 20,000 applicants per phase = RM5.000m, plus RM1.000m per phase for data publication and review = RM6.000m per phase, RM18.000m over three phases. No additional matriculation seats are requested and none are costed."
CL-022,PRG-08,Professional Entry and Mentoring,P2 Progression,Ministry of Higher Education,operating_expenditure,2026,conservative,0.000,3.300,3.300,6.600,1.980,1.320,3.300,Mentoring and placement network model,ASM-C08,Provisional,,existing 0.30 = university career-services capacity already funded; reallocated 0.20 = MITRA human-capital grants; new 0.50 = mentoring network coordination. ASSUMPTION (VAL-16).,5000,graduate,individual,2-3,"RM800 per mentored graduate for approximately 2,500 graduates per phase = RM2.000m, plus RM2.000m per phase network coordination and placement brokerage = RM4.000m per phase across Phases 2-3. Unit cost is a planning assumption; no comparable Malaysian programme cost was located."
CL-023,PRG-08,Professional Entry and Mentoring,P2 Progression,Ministry of Higher Education,operating_expenditure,2026,central,0.000,4.000,4.000,8.000,2.400,1.600,4.000,Mentoring and placement network model,ASM-C08,Provisional,,existing 0.30 = university career-services capacity already funded; reallocated 0.20 = MITRA human-capital grants; new 0.50 = mentoring network coordination. ASSUMPTION (VAL-16).,5000,graduate,individual,2-3,"RM800 per mentored graduate for approximately 2,500 graduates per phase = RM2.000m, plus RM2.000m per phase network coordination and placement brokerage = RM4.000m per phase across Phases 2-3. Unit cost is a planning assumption; no comparable Malaysian programme cost was located."
CL-024,PRG-08,Professional Entry and Mentoring,P2 Progression,Ministry of Higher Education,operating_expenditure,2026,expanded,0.000,4.840,4.840,9.680,2.904,1.936,4.840,Mentoring and placement network model,ASM-C08,Provisional,,existing 0.30 = university career-services capacity already funded; reallocated 0.20 = MITRA human-capital grants; new 0.50 = mentoring network coordination. ASSUMPTION (VAL-16).,5000,graduate,individual,2-3,"RM800 per mentored graduate for approximately 2,500 graduates per phase = RM2.000m, plus RM2.000m per phase network coordination and placement brokerage = RM4.000m per phase across Phases 2-3. Unit cost is a planning assumption; no comparable Malaysian programme cost was located."
CL-025,PRG-09,Household Progression Programme,P3 Livelihoods,Prime Minister's Department,operating_expenditure,2026,conservative,21.960,33.240,44.700,99.900,9.990,39.960,49.950,"Case-management model: (households / caseload per navigator) x loaded navigator cost x years, plus one-off case system",ASM-C09,Benchmarked,SRC-018,"existing 0.10 = Department of Social Welfare case-work capacity already funded; reallocated 0.40 = MITRA welfare grant lines redirected from episodic aid to case management, the single largest reallocation in the portfolio; new 0.50 = the navigator cadre and case system. ASSUMPTION pending MOF and MITRA confirmation (VAL-28).",60000,household,household,1-2-3,Caseload of 150 benchmarked to intensive case-management practice. Phase 1: 120 x 72k x 2 = RM17.28m + RM12m system. Phase 2: 280 x 72k x 2 = RM40.32m + RM4m. Phase 3: 400 x 72k x 2 = RM57.6m + RM2m. Coverage is deliberately capped and is NOT universal.
CL-026,PRG-09,Household Progression Programme,P3 Livelihoods,Prime Minister's Department,operating_expenditure,2026,central,29.280,44.320,59.600,133.200,13.320,53.280,66.600,"Case-management model: (households / caseload per navigator) x loaded navigator cost x years, plus one-off case system",ASM-C09,Benchmarked,SRC-018,"existing 0.10 = Department of Social Welfare case-work capacity already funded; reallocated 0.40 = MITRA welfare grant lines redirected from episodic aid to case management, the single largest reallocation in the portfolio; new 0.50 = the navigator cadre and case system. ASSUMPTION pending MOF and MITRA confirmation (VAL-28).",60000,household,household,1-2-3,Caseload of 150 benchmarked to intensive case-management practice. Phase 1: 120 x 72k x 2 = RM17.28m + RM12m system. Phase 2: 280 x 72k x 2 = RM40.32m + RM4m. Phase 3: 400 x 72k x 2 = RM57.6m + RM2m. Coverage is deliberately capped and is NOT universal.
CL-027,PRG-09,Household Progression Programme,P3 Livelihoods,Prime Minister's Department,operating_expenditure,2026,expanded,38.064,57.616,77.480,173.160,17.316,69.264,86.580,"Case-management model: (households / caseload per navigator) x loaded navigator cost x years, plus one-off case system",ASM-C09,Benchmarked,SRC-018,"existing 0.10 = Department of Social Welfare case-work capacity already funded; reallocated 0.40 = MITRA welfare grant lines redirected from episodic aid to case management, the single largest reallocation in the portfolio; new 0.50 = the navigator cadre and case system. ASSUMPTION pending MOF and MITRA confirmation (VAL-28).",60000,household,household,1-2-3,Caseload of 150 benchmarked to intensive case-management practice. Phase 1: 120 x 72k x 2 = RM17.28m + RM12m system. Phase 2: 280 x 72k x 2 = RM40.32m + RM4m. Phase 3: 400 x 72k x 2 = RM57.6m + RM2m. Coverage is deliberately capped and is NOT universal.
CL-028,PRG-10,Microenterprise Growth and Vendor Capability Programme,P3 Livelihoods,Ministry of Entrepreneur and Cooperatives Development,operating_expenditure,2026,conservative,0.000,14.175,14.175,28.350,9.923,7.087,11.340,"Enterprise advisory model: enterprises x advisory cost, plus certification and consortium support",ASM-C10,Provisional,,existing 0.35 = SME Corp and TEKUN advisory capacity already funded; reallocated 0.25 = MITRA entrepreneur grants; new 0.40 = incremental advisory volume and consortium support. NOTE no new financing facility is created. ASSUMPTION (VAL-18).,5000,enterprise,enterprise,2-3,"5,000 enterprises x RM6,000 structured advisory = RM30.000m, plus RM6.000m certification and consortium support = RM36.000m across Phases 2-3. NO new financing facility is created and none is costed - financing continues on existing TEKUN, SPUMI, AIM and BRIEF-i rails."
CL-029,PRG-10,Microenterprise Growth and Vendor Capability Programme,P3 Livelihoods,Ministry of Entrepreneur and Cooperatives Development,operating_expenditure,2026,central,0.000,18.000,18.000,36.000,12.600,9.000,14.400,"Enterprise advisory model: enterprises x advisory cost, plus certification and consortium support",ASM-C10,Provisional,,existing 0.35 = SME Corp and TEKUN advisory capacity already funded; reallocated 0.25 = MITRA entrepreneur grants; new 0.40 = incremental advisory volume and consortium support. NOTE no new financing facility is created. ASSUMPTION (VAL-18).,5000,enterprise,enterprise,2-3,"5,000 enterprises x RM6,000 structured advisory = RM30.000m, plus RM6.000m certification and consortium support = RM36.000m across Phases 2-3. NO new financing facility is created and none is costed - financing continues on existing TEKUN, SPUMI, AIM and BRIEF-i rails."
CL-030,PRG-10,Microenterprise Growth and Vendor Capability Programme,P3 Livelihoods,Ministry of Entrepreneur and Cooperatives Development,operating_expenditure,2026,expanded,0.000,22.590,22.590,45.180,15.813,11.295,18.072,"Enterprise advisory model: enterprises x advisory cost, plus certification and consortium support",ASM-C10,Provisional,,existing 0.35 = SME Corp and TEKUN advisory capacity already funded; reallocated 0.25 = MITRA entrepreneur grants; new 0.40 = incremental advisory volume and consortium support. NOTE no new financing facility is created. ASSUMPTION (VAL-18).,5000,enterprise,enterprise,2-3,"5,000 enterprises x RM6,000 structured advisory = RM30.000m, plus RM6.000m certification and consortium support = RM36.000m across Phases 2-3. NO new financing facility is created and none is costed - financing continues on existing TEKUN, SPUMI, AIM and BRIEF-i rails."
CL-031,PRG-11,Household Savings and Asset Accumulation Scheme,P3 Livelihoods,Ministry of Finance,transfer_grant,2026,conservative,22.500,52.500,75.000,150.000,0.000,30.000,120.000,Matched-savings model: participating households x annual matching cap x years,ASM-C11,Provisional,,"existing 0.00 = no existing instrument reaches this population, so nothing can be netted off; reallocated 0.20 = MITRA savings and welfare grants; new 0.80 = the matching contribution. GATING on VAL-19 (PNB participation is a commercial decision Cabinet cannot direct).",50000,household,household,1-2-3,"Structured on the MIB 2017 design (pp.41 and 112) of a seed fund providing matching booster units in a qualifying unit-trust or savings product. This is a NEW instrument modelled on an MIB design that was never implemented, not the revival of a lapsed scheme. Requires MOF design approval and, if PNB"
CL-032,PRG-11,Household Savings and Asset Accumulation Scheme,P3 Livelihoods,Ministry of Finance,transfer_grant,2026,central,30.000,70.000,100.000,200.000,0.000,40.000,160.000,Matched-savings model: participating households x annual matching cap x years,ASM-C11,Provisional,,"existing 0.00 = no existing instrument reaches this population, so nothing can be netted off; reallocated 0.20 = MITRA savings and welfare grants; new 0.80 = the matching contribution. GATING on VAL-19 (PNB participation is a commercial decision Cabinet cannot direct).",50000,household,household,1-2-3,"Structured on the MIB 2017 design (pp.41 and 112) of a seed fund providing matching booster units in a qualifying unit-trust or savings product. This is a NEW instrument modelled on an MIB design that was never implemented, not the revival of a lapsed scheme. Requires MOF design approval and, if PNB"
CL-033,PRG-11,Household Savings and Asset Accumulation Scheme,P3 Livelihoods,Ministry of Finance,transfer_grant,2026,expanded,39.000,91.000,130.000,260.000,0.000,52.000,208.000,Matched-savings model: participating households x annual matching cap x years,ASM-C11,Provisional,,"existing 0.00 = no existing instrument reaches this population, so nothing can be netted off; reallocated 0.20 = MITRA savings and welfare grants; new 0.80 = the matching contribution. GATING on VAL-19 (PNB participation is a commercial decision Cabinet cannot direct).",50000,household,household,1-2-3,"Structured on the MIB 2017 design (pp.41 and 112) of a seed fund providing matching booster units in a qualifying unit-trust or savings product. This is a NEW instrument modelled on an MIB design that was never implemented, not the revival of a lapsed scheme. Requires MOF design approval and, if PNB"
CL-034,PRG-12,Housing Access and Estate Legacy Resolution,P3 Livelihoods,Ministry of Housing and Local Government,development_expenditure,2026,conservative,11.375,24.375,27.625,63.375,19.013,6.337,38.025,Access-facilitation model: legacy review + (households x deposit and transaction assistance) + targeted site infrastructure,ASM-C12,Provisional,,"existing 0.30 = existing affordable-housing and SJKP programme capacity; reallocated 0.10 = MITRA housing grants; new 0.60 = legacy review, deposit assistance and targeted site works. Housing UNITS are not costed here. ASSUMPTION (VAL-20).",6000,household,household,1-2-3,"Housing units themselves are funded through existing national and state housing programmes and are NOT costed here. The Bestari Jaya unit price of RM45,000 is a single-project figure and is expressly NOT used to derive a national unit cost."
CL-035,PRG-12,Housing Access and Estate Legacy Resolution,P3 Livelihoods,Ministry of Housing and Local Government,development_expenditure,2026,central,14.000,30.000,34.000,78.000,23.400,7.800,46.800,Access-facilitation model: legacy review + (households x deposit and transaction assistance) + targeted site infrastructure,ASM-C12,Provisional,,"existing 0.30 = existing affordable-housing and SJKP programme capacity; reallocated 0.10 = MITRA housing grants; new 0.60 = legacy review, deposit assistance and targeted site works. Housing UNITS are not costed here. ASSUMPTION (VAL-20).",6000,household,household,1-2-3,"Housing units themselves are funded through existing national and state housing programmes and are NOT costed here. The Bestari Jaya unit price of RM45,000 is a single-project figure and is expressly NOT used to derive a national unit cost."
CL-036,PRG-12,Housing Access and Estate Legacy Resolution,P3 Livelihoods,Ministry of Housing and Local Government,development_expenditure,2026,expanded,17.150,36.750,41.650,95.550,28.665,9.555,57.330,Access-facilitation model: legacy review + (households x deposit and transaction assistance) + targeted site infrastructure,ASM-C12,Provisional,,"existing 0.30 = existing affordable-housing and SJKP programme capacity; reallocated 0.10 = MITRA housing grants; new 0.60 = legacy review, deposit assistance and targeted site works. Housing UNITS are not costed here. ASSUMPTION (VAL-20).",6000,household,household,1-2-3,"Housing units themselves are funded through existing national and state housing programmes and are NOT costed here. The Bestari Jaya unit price of RM45,000 is a single-project figure and is expressly NOT used to derive a national unit cost."
CL-037,PRG-13,Public Service Application Pipeline Programme,P4 Institutional Participation,Public Service Department (JPA),operating_expenditure,2026,conservative,5.950,5.950,5.950,17.850,6.248,1.785,9.817,Outreach and preparation model: campaigns + preparation programmes + annual data publication,ASM-C13,Provisional,,"existing 0.35 = JPA and SPA recruitment administration already funded; reallocated 0.10 = MITRA human-capital grants; new 0.55 = outreach campaigns, preparation programmes and publication. ASSUMPTION (VAL-21).",24000,candidate,individual,1-2-3,"RM350 per candidate through preparation programmes for approximately 8,000 candidates per phase = RM2.800m, plus RM4.200m per phase campaign, outreach and annual publication costs = RM7.000m per phase. Design follows the JPA-stated cause: the constraint is application volume, not selection outcomes."
CL-038,PRG-13,Public Service Application Pipeline Programme,P4 Institutional Participation,Public Service Department (JPA),operating_expenditure,2026,central,7.000,7.000,7.000,21.000,7.350,2.100,11.550,Outreach and preparation model: campaigns + preparation programmes + annual data publication,ASM-C13,Provisional,,"existing 0.35 = JPA and SPA recruitment administration already funded; reallocated 0.10 = MITRA human-capital grants; new 0.55 = outreach campaigns, preparation programmes and publication. ASSUMPTION (VAL-21).",24000,candidate,individual,1-2-3,"RM350 per candidate through preparation programmes for approximately 8,000 candidates per phase = RM2.800m, plus RM4.200m per phase campaign, outreach and annual publication costs = RM7.000m per phase. Design follows the JPA-stated cause: the constraint is application volume, not selection outcomes."
CL-039,PRG-13,Public Service Application Pipeline Programme,P4 Institutional Participation,Public Service Department (JPA),operating_expenditure,2026,expanded,8.260,8.260,8.260,24.780,8.673,2.478,13.629,Outreach and preparation model: campaigns + preparation programmes + annual data publication,ASM-C13,Provisional,,"existing 0.35 = JPA and SPA recruitment administration already funded; reallocated 0.10 = MITRA human-capital grants; new 0.55 = outreach campaigns, preparation programmes and publication. ASSUMPTION (VAL-21).",24000,candidate,individual,1-2-3,"RM350 per candidate through preparation programmes for approximately 8,000 candidates per phase = RM2.800m, plus RM4.200m per phase campaign, outreach and annual publication costs = RM7.000m per phase. Design follows the JPA-stated cause: the constraint is application volume, not selection outcomes."
CL-040,PRG-14,Public Service Professional Advancement,P4 Institutional Participation,Public Service Department (JPA),operating_expenditure,2026,conservative,0.000,3.500,3.500,7.000,4.200,0.350,2.450,Development-access and monitoring model,ASM-C14,Provisional,,existing 0.60 = INTAN and JPA development programmes already funded and already open to these officers; reallocated 0.05 = MITRA grants; new 0.35 = outreach and the grade-band publication. ASSUMPTION (VAL-22).,,officer,individual,2-3,"Almost entirely a transparency and access measure delivered through existing capacity. Requires publication of grade-band composition, which does not currently exist."
CL-041,PRG-14,Public Service Professional Advancement,P4 Institutional Participation,Public Service Department (JPA),operating_expenditure,2026,central,0.000,4.000,4.000,8.000,4.800,0.400,2.800,Development-access and monitoring model,ASM-C14,Provisional,,existing 0.60 = INTAN and JPA development programmes already funded and already open to these officers; reallocated 0.05 = MITRA grants; new 0.35 = outreach and the grade-band publication. ASSUMPTION (VAL-22).,,officer,individual,2-3,"Almost entirely a transparency and access measure delivered through existing capacity. Requires publication of grade-band composition, which does not currently exist."
CL-042,PRG-14,Public Service Professional Advancement,P4 Institutional Participation,Public Service Department (JPA),operating_expenditure,2026,expanded,0.000,4.600,4.600,9.200,5.520,0.460,3.220,Development-access and monitoring model,ASM-C14,Provisional,,existing 0.60 = INTAN and JPA development programmes already funded and already open to these officers; reallocated 0.05 = MITRA grants; new 0.35 = outreach and the grade-band publication. ASSUMPTION (VAL-22).,,officer,individual,2-3,"Almost entirely a transparency and access measure delivered through existing capacity. Requires publication of grade-band composition, which does not currently exist."
CL-043,PRG-15,Task Force and Delivery Secretariat,X Delivery,Prime Minister's Department,administration,2026,conservative,10.823,10.823,10.823,32.469,3.247,14.611,14.611,Establishment model: secretariat headcount x loaded cost + operating costs,ASM-C15,Benchmarked,SRC-018,existing 0.10 = existing coordination capacity in the Prime Minister's Department; reallocated 0.45 = MITRA administrative budget; new 0.45 = the incremental 35-post secretariat. GATING on VAL-23 (establishment approval).,,n/a,none,1-2-3,35 x 110k = RM3.85m per year + RM2m operating = RM5.85m per year = RM11.7m per two-year phase. Benchmarked to comparable delivery units in the Prime Minister's Department.
CL-044,PRG-15,Task Force and Delivery Secretariat,X Delivery,Prime Minister's Department,administration,2026,central,11.700,11.700,11.700,35.100,3.510,15.795,15.795,Establishment model: secretariat headcount x loaded cost + operating costs,ASM-C15,Benchmarked,SRC-018,existing 0.10 = existing coordination capacity in the Prime Minister's Department; reallocated 0.45 = MITRA administrative budget; new 0.45 = the incremental 35-post secretariat. GATING on VAL-23 (establishment approval).,,n/a,none,1-2-3,35 x 110k = RM3.85m per year + RM2m operating = RM5.85m per year = RM11.7m per two-year phase. Benchmarked to comparable delivery units in the Prime Minister's Department.
CL-045,PRG-15,Task Force and Delivery Secretariat,X Delivery,Prime Minister's Department,administration,2026,expanded,12.753,12.753,12.753,38.259,3.826,17.217,17.216,Establishment model: secretariat headcount x loaded cost + operating costs,ASM-C15,Benchmarked,SRC-018,existing 0.10 = existing coordination capacity in the Prime Minister's Department; reallocated 0.45 = MITRA administrative budget; new 0.45 = the incremental 35-post secretariat. GATING on VAL-23 (establishment approval).,,n/a,none,1-2-3,35 x 110k = RM3.85m per year + RM2m operating = RM5.85m per year = RM11.7m per two-year phase. Benchmarked to comparable delivery units in the Prime Minister's Department.
CL-046,PRG-16,"Data, Evaluation and Public Reporting",X Delivery,Prime Minister's Department,monitoring_evaluation,2026,conservative,16.200,6.300,7.200,29.700,2.970,7.425,19.305,Evaluation model: baseline survey + dashboard + DPIA + independent evaluations + annual audit and reporting,ASM-C16,Provisional,,"existing 0.10 = National Audit Department capacity already funded; reallocated 0.25 = MITRA monitoring budget; new 0.65 = baseline survey, dashboard, DPIA and independent evaluations. ASSUMPTION pending DOSM agreement (VAL-24).",,n/a,none,1-2-3,Phase 1: baseline survey RM6.000m + dashboard RM8.000m + DPIA RM1.000m + annual audit/reporting RM1.500m x 2 = RM18.000m. Phase 2: mid-term evaluation RM4.000m + audit/reporting RM3.000m = RM7.000m. Phase 3: final evaluation RM5.000m + audit/reporting RM3.000m = RM8.000m. Total RM33.000m = 2.10% of 
CL-047,PRG-16,"Data, Evaluation and Public Reporting",X Delivery,Prime Minister's Department,monitoring_evaluation,2026,central,18.000,7.000,8.000,33.000,3.300,8.250,21.450,Evaluation model: baseline survey + dashboard + DPIA + independent evaluations + annual audit and reporting,ASM-C16,Provisional,,"existing 0.10 = National Audit Department capacity already funded; reallocated 0.25 = MITRA monitoring budget; new 0.65 = baseline survey, dashboard, DPIA and independent evaluations. ASSUMPTION pending DOSM agreement (VAL-24).",,n/a,none,1-2-3,Phase 1: baseline survey RM6.000m + dashboard RM8.000m + DPIA RM1.000m + annual audit/reporting RM1.500m x 2 = RM18.000m. Phase 2: mid-term evaluation RM4.000m + audit/reporting RM3.000m = RM7.000m. Phase 3: final evaluation RM5.000m + audit/reporting RM3.000m = RM8.000m. Total RM33.000m = 2.10% of 
CL-048,PRG-16,"Data, Evaluation and Public Reporting",X Delivery,Prime Minister's Department,monitoring_evaluation,2026,expanded,20.160,7.840,8.960,36.960,3.696,9.240,24.024,Evaluation model: baseline survey + dashboard + DPIA + independent evaluations + annual audit and reporting,ASM-C16,Provisional,,"existing 0.10 = National Audit Department capacity already funded; reallocated 0.25 = MITRA monitoring budget; new 0.65 = baseline survey, dashboard, DPIA and independent evaluations. ASSUMPTION pending DOSM agreement (VAL-24).",,n/a,none,1-2-3,Phase 1: baseline survey RM6.000m + dashboard RM8.000m + DPIA RM1.000m + annual audit/reporting RM1.500m x 2 = RM18.000m. Phase 2: mid-term evaluation RM4.000m + audit/reporting RM3.000m = RM7.000m. Phase 3: final evaluation RM5.000m + audit/reporting RM3.000m = RM8.000m. Total RM33.000m = 2.10% of 
CL-049,PRG-XX-ADMIN,Portfolio administration overhead,X Delivery,All lead ministries,administration,2026,conservative,10.138,14.524,16.786,41.448,0.000,10.362,31.086,4.0% of programme delivery cost (ASM-040),ASM-040,Provisional,,"Applied at portfolio level; funded 25% by reallocation and 75% new, consistent with the weighted average of the programme lines it overheads. ASSUMPTION.",,n/a,none,1-2-3,"Financial administration, procurement and compliance at delivering agencies. Excludes the delivery secretariat, costed at PRG-15."
CL-050,PRG-XX-ADMIN,Portfolio administration overhead,X Delivery,All lead ministries,administration,2026,central,12.710,18.634,21.760,53.104,0.000,13.276,39.828,4.0% of programme delivery cost (ASM-040),ASM-040,Provisional,,"Applied at portfolio level; funded 25% by reallocation and 75% new, consistent with the weighted average of the programme lines it overheads. ASSUMPTION.",,n/a,none,1-2-3,"Financial administration, procurement and compliance at delivering agencies. Excludes the delivery secretariat, costed at PRG-15."
CL-051,PRG-XX-ADMIN,Portfolio administration overhead,X Delivery,All lead ministries,administration,2026,expanded,15.797,23.566,27.729,67.092,0.000,16.773,50.319,4.0% of programme delivery cost (ASM-040),ASM-040,Provisional,,"Applied at portfolio level; funded 25% by reallocation and 75% new, consistent with the weighted average of the programme lines it overheads. ASSUMPTION.",,n/a,none,1-2-3,"Financial administration, procurement and compliance at delivering agencies. Excludes the delivery secretariat, costed at PRG-15."
CL-052,PRG-XX-CONT,Portfolio contingency,X Delivery,Ministry of Finance,contingency,2026,conservative,19.769,28.322,32.733,80.824,0.000,20.206,60.618,7.5% of delivery plus administration (ASM-041),ASM-041,Provisional,,"Applied at portfolio level; funded 25% by reallocation and 75% new, consistent with the weighted average of the programme lines it overheads. ASSUMPTION.",,n/a,none,1-2-3,Set at the lower end of the 5-15% range because the portfolio is weighted towards recurrent service delivery rather than construction.
CL-053,PRG-XX-CONT,Portfolio contingency,X Delivery,Ministry of Finance,contingency,2026,central,24.785,36.336,42.432,103.553,0.000,25.888,77.665,7.5% of delivery plus administration (ASM-041),ASM-041,Provisional,,"Applied at portfolio level; funded 25% by reallocation and 75% new, consistent with the weighted average of the programme lines it overheads. ASSUMPTION.",,n/a,none,1-2-3,Set at the lower end of the 5-15% range because the portfolio is weighted towards recurrent service delivery rather than construction.
CL-054,PRG-XX-CONT,Portfolio contingency,X Delivery,Ministry of Finance,contingency,2026,expanded,30.805,45.953,54.071,130.829,0.000,32.707,98.122,7.5% of delivery plus administration (ASM-041),ASM-041,Provisional,,"Applied at portfolio level; funded 25% by reallocation and 75% new, consistent with the weighted average of the programme lines it overheads. ASSUMPTION.",,n/a,none,1-2-3,Set at the lower end of the 5-15% range because the portfolio is weighted towards recurrent service delivery rather than construction.
